Mira.Keller,SolenGiraff23
Johan.Duke,Bl�b�rHusky87
London.Cunningham,Sj�enElefant42
Claire.Melton,FjelleneKatt16
Kareem.Garrison,RegnbueApe59
Kyler.Ferrell,SkogenL�ve71
Camryn.Carver,SommerenHval38
Edith.Campbell,FugleneDelfin94
Reed.Glover,RosenPanda26
Cailyn.Hobbs,Sn�enTiger68
Jade.Mosley,HavetKoala53
Deandre.Daugherty,Tr�rneHai77
Dallas.Pruitt,VulkanenSlange45
Makhi.Robertson,M�nenGepard12
Mark.Walsh,IsenGiraff81
Kamden.Black,VindenElefant64
Andrew.Hale,JordenHusky29
Katelynn.Odom,HimmelenKatt57
Francisco.Dalton,StrandenApe23
Esther.Davenport,BlomsteneL�ve76
Tommy.Beltran,ElvenHval48
Aedan.Pennington,SkyeneDelfin89
Daniela.Foley,RegnetPanda35
Kolten.Kerr,Sj�fuglerTiger72
Junior.Cunningham,Innsj�enKoala61
Daniella.Coleman,Sn�flakDelfin18
Shelby.Boyd,SkumringenPanda98
Patience.Choi,B�lgeneHai44
Weston.Wolfe,MorgenfuglenSlange67
Natalia.Tate,StjerneneGiraff55
Monserrat.Weiss,VinterenElefant82
Lennon.Macdonald,SommerfuglenHusky27
Alina.Mueller,SanddyneneKatt73
Giancarlo.Matthews,L�vetannenApe39
Martin.Phelps,Fj�rdraktenL�ve96
Ronald.Mcintosh,GressetHval14
Lena.Joseph,FossenDelfin63
Taylor.Avery,KaktusenPanda91
Jadon.Hoffman,EkkornetTiger51
Ben.Sutton,Bj�rnenKoala22
Jadyn.Fowler,Fj�raHai88
Alexis.Bartlett,NordlysSlange77
Cristina.Ponce,L�vetGiraff35
Lindsey.Wilkerson,KystenElefant62
Ximena.Marsh,SkyggenHusky49
Braxton.Hoover,FuglesangenKatt25
Quinn.Ray,LysetApe99
Gerald.Cummings,RegnbuenL�ve71
Halle.Snow,Havb�lgenHval16
Kristin.Ford,SommervarmenDelfin84
Londyn.Solomon,SkogenPanda58
Khloe.Hardy,GresshoppeneTiger33
Rowan.Ruiz,�rnenKoala11
Terrell.Petty,Isbj�rnenHai67
Ian.Gilbert,VannliljenSlange45
Asa.Hunt,GranskogenGepard78
Rodolfo.Russell,M�nenGiraff23
Jamal.Berg,ElvestienElefant96
Jermaine.Herring,KlippenHusky57
Rodrigo.Acosta,SolfylteKatt31
Aubrey.Gibbs,FjelltoppenApe82
Donna.Duke,G�sungenL�ve48
Mariah.Ewing,FossefalleneHval75
Amelie.Burch,Sn�fnuggetDelfin19
Aaden.Glover,�rkenenPanda66
Laney.Horne,MyggenTiger39
Hanna.Shaffer,BreenKoala28
Chase.Schmitt,RavneneHai89
Maleah.Shannon,GressplenenSlange54
Sage.Stewart,MorgenfrostenGepard12
Naomi.Bender,TordenkulenGiraff63
Georgia.Mclean,SkogbunnenElefant87
Jaylen.Villa,SvalbardHusky41
Bryan.Lang,Solstr�leneKatt75
Clara.Gentry,BlomsterengenApe22
Teagan.Blevins,V�rbrisenL�ve98
Tess.Frye,H�stl�vetHval51
Emma.Gallagher,SommerbrisDelfin73
Paige.Velasquez,LavendelenPanda36
Matthias.Patton,Fjellbj�rnenTiger69
Terry.Evans,GullfiskenKoala14
Genesis.Strong,Kr�keneHai67
Cason.Sandoval,Regndr�penSlange44
Angeline.Schultz,SommerfuglvingenGepard83
Brynlee.Nash,M�keskriketGiraff29
Maddison.Dawson,T�kenElefant96
Anastasia.Hendrix,FjellskrentenHusky58
Erick.Villarreal,RosenbuskenKatt25
Ahmed.Shelton,B�lgeneApe11
Samara.Kaufman,GryningenL�ve77
Daphne.Harvey,NordavindenHval43
Aleena.Underwood,FjellskogenDelfin68
Charlize.Elliott,SolnedgangenPanda52
Santos.Rivers,SolsikkenTiger19
Tanya.Sheppard,Sn�skavlenKoala84
Abril.Holder,KystlandskapetHai32
Ashly.Castaneda,ElvebreddenSlange64
Justice.Bauer,M�nekatteneGepard78
Jeffrey.Grant,StjerneklartGiraff27
Marie.Dunlap,BregnebladeneElefant45
Noah.Davis,SolskinnsguttenHusky89
Avery.Holloway,T�kebankeneKatt56
Noel.Moran,FjellfotenApe22
Austin.Michael,Solstr�lenL�ve63
Bella.Bryan,VandrefalkenHval47
Ciara.Fuentes,RegnbuefiskenDelfin91
Alessandra.Castro,BlomsterpottePanda37
Leroy.Hobbs,IsfjelletTiger71
Layton.Spence,SkjelleneKoala16
Ashlynn.Hayes,Bl�meisenHai99
Freddy.Middleton,M�nelysetSlange44
Virginia.Wallace,Hav�rnenGepard73
Lillie.Parsons,ElgoksenGiraff28
Walter.Lawrence,Skogsj�enElefant82
Solomon.Camacho,SommerfuglvingenHusky55
Alexus.Huynh,HestehovenKatt19
Wyatt.Haas,LyngblomstenApe66
Jaydon.Sawyer,Skj�rg�rdenL�ve88
Clare.Mcdonald,Svalbardg�saHval33
Bennett.Mullins,MorgenstjernenDelfin72
Brendon.Brewer,KonglekransenePanda48
Lacey.Pitts,FroskehoppetTiger14
Edward.Frost,FuglesangeneKoala97
Waylon.Barnett,Sn�krystalleneHai21
Sandra.Frederick,SommerfuglensSlange45
Abbigail.Greene,HavfruenGepard66
Anika.Blake,EngelskogGiraff78
Jaiden.Rodriguez,M�neblomstenElefant23
Laurel.Khan,FjellveggenHusky57
Emely.Flynn,SommerfuglvingeneKatt91
Kaleb.Macias,SolskinnsguttenApe32
Orion.Griffith,NattergalenL�ve84
Alexander.Pittman,NordlysetHval49
Jensen.Kent,RegnbuesommerenDelfin67
Frederick.Graham,RosenhagenPanda11
Uriel.Reese,BlomsterflatenTiger22
Makaila.Wheeler,SolsikkenKoala99
Johnny.Cobb,VannspeiletHai45
Amanda.Stout,FuglekvitteretSlange63
Ernest.Long,LyngblomstenGepard78
Payton.Houston,SkogtjernetGiraff27
Bentley.Huff,FjellrosenElefant36
Evangeline.Woodard,SommerbrisenHusky58
Bryant.King,HimmelskKatt29
Edwin.Stephens,Sj�bunnenApe53
Christine.Simon,BlomsterengaL�ve88
Braedon.Torres,Sj�b�lgenHval41
Micheal.Dickerson,HimmelhavetDelfin29
Derek.Glass,SolsikkerPanda17
Caitlyn.Henry,StjernehimmelenTiger94
Shane.Stokes,Regnv�rsdagenKoala62
Stephen.Patterson,SkogbunnenHai78
Mauricio.Johns,VintermorgenenSlange53
Jan.Delacruz,Svalbardg�saGepard36
Casey.Whitney,SommersolGiraff21
Kelsie.Barron,MorgendisenElefant77
Roy.Douglas,FjellstienHusky45
Shiloh.Watson,M�nenattenKatt32
Ainsley.Gray,Sj�kantenApe59
Madison.Dean,BlomsterhagenL�ve83
Mariyah.Tapia,StjerneskuddetHval27
Charlie.Dixon,RegnbuebroenDelfin49
Taylor.Alexander,Svalbardg�saPanda66
Bria.Wilkinson,SoloppgangenTiger14
Kierra.Werner,FjellskrentenKoala72
Levi.Chapman,SkogbunnenHai88
Felix.Jensen,VintermorgenenSlange45
Rey.Hendricks,Svalbardg�saGepard36
Grady.Carlson,SommersolGiraff21
Braelyn.Lozano,MorgendisenElefant77
Paula.Reyes,FjellstienHusky45
Mariela.Bird,M�nenattenKatt32
Kason.Villanueva,Sj�kantenApe59
Gunner.Petersen,BlomsterhagenL�ve83
Zaire.Jennings,StjerneskuddetHval27
Malaki.Barrett,RegnbuebroenDelfin49
Jayvon.Sanders,Svalbardg�saPanda66
Keyon.Garrison,SoloppgangenTiger14
Carly.Collins,FjellskrentenKoala72
Cecilia.Castillo,ElvebreddenHai98
Aubrie.Hammond,SommerbrisSlange53
Reese.Wong,NordlysGepard76
Sophie.Carter,MorgensolGiraff28
Aidan.Horn,VannkantenElefant91
Violet.Griffin,HavbunnenHusky65
Jayden.Mays,StjernehimmelenKatt37
Charlie.Robles,Vinterm�rketApe44
Kelly.Molina,SolskinnstimenL�ve79
Ryker.Salinas,FjellskrentenHval52
Konner.Flores,NattfuglenDelfin18
Kiara.Jhansen,RegnbuesommerenPanda63
Myles.olavson,SkyggenTiger86
Kennedy.gunnar,IskaldKoala39
Helena.Samsung,ElvebreddenHai74
Gillian.gjerdingen,SommerbrisSlange22
Selena.hansen,NordlysGepard57
Kamryn.hansen,MorgensolGiraff33
Mathias.hansen,VannkantenElefant69
Samir.hansen,HavbunnenHusky84
Kristopher.hansen,StjernehimmelenKatt25
